George,Postman,1981-12-03
Sam,Starr,1999-01-21
Sam,Manson,1919-06-09
Jennifer,Iceman,1920-11-10
George,Golovkin,1980-11-17
Sam,Postman,2017-02-03
George,Postman,1916-01-29
George,Starr,2010-10-23
Jennifer,Postman,1909-01-27
Sam,Manson,1910-06-29
Ann,Postman,1948-04-01
Matt,Iceman,1976-12-27
Jennifer,Manson,1939-05-07
Sam,Starr,1962-09-24
Sam,Golovkin,2013-06-06
Jennifer,Manson,1940-12-25
Jennifer,Postman,1913-12-08
Sam,Starr,1968-06-29
Jennifer,Starr,1915-12-04
George,Manson,1950-09-07
Jennifer,Golovkin,1926-03-08
Jennifer,Iceman,1952-07-26
Matt,Postman,1922-06-28
Matt,Postman,2015-02-19
Sam,Golovkin,1958-10-03
Matt,Golovkin,1968-09-20
Jennifer,Manson,1948-04-24
Sam,Starr,2000-08-06
George,Postman,1987-05-29
Jennifer,Postman,2015-07-07
Sam,Iceman,1919-10-13
George,Starr,2003-08-14
George,Golovkin,1958-04-13
Ann,Postman,1948-07-14
George,Postman,2012-04-11
Matt,Iceman,1992-04-02
Sam,Golovkin,2006-01-08
Jennifer,Manson,1914-04-17
Matt,Golovkin,1942-07-02
Sam,Manson,1904-07-20
Ann,Golovkin,2015-08-13
Matt,Manson,2003-05-19
Matt,Iceman,1981-02-18
Jennifer,Manson,1956-05-04
Matt,Manson,1978-01-22
Matt,Starr,1933-01-29
Sam,Iceman,2001-08-09
Ann,Iceman,1920-03-22
Jennifer,Manson,1972-11-07
Matt,Iceman,2005-03-05
Ann,Postman,1910-10-16
George,Postman,2015-06-29
Matt,Iceman,1920-07-09
Ann,Iceman,1920-12-27
Sam,Manson,2016-12-22
Matt,Golovkin,1914-01-11
Ann,Postman,1906-05-23
Sam,Manson,1943-02-26
Matt,Starr,1974-03-11
Matt,Starr,1968-10-11
Jennifer,Postman,1907-02-01
Sam,Golovkin,1928-11-08
George,Postman,1979-06-13
Jennifer,Golovkin,1990-01-16
Sam,Manson,1956-12-05
George,Iceman,1917-08-18
Ann,Postman,1903-02-01
Sam,Golovkin,1974-03-02
George,Starr,1969-11-29
Matt,Golovkin,2015-08-22
Jennifer,Manson,1917-11-24
Jennifer,Manson,1971-11-18
Matt,Postman,1955-04-27
George,Manson,2018-08-23
George,Manson,1997-09-11
Matt,Iceman,1924-06-05
Sam,Starr,2008-12-25
Sam,Manson,1918-12-05
Matt,Manson,1962-09-22
Ann,Postman,1991-08-06
Jennifer,Golovkin,1957-12-09
Jennifer,Manson,1998-08-14
George,Starr,1988-04-20
Sam,Golovkin,1950-12-16
Ann,Manson,2000-02-21
George,Golovkin,1911-04-26
Jennifer,Postman,1909-09-27
Ann,Golovkin,2012-08-24
Matt,Starr,2020-12-23
Jennifer,Manson,1987-01-03
Ann,Postman,1979-02-14
Ann,Golovkin,1936-01-04
George,Manson,1963-04-04
Sam,Starr,2020-11-19
Jennifer,Postman,1942-10-23
Jennifer,Postman,1927-12-15
Matt,Starr,2008-07-04
George,Starr,1918-10-10
Matt,Postman,1916-12-01
Jennifer,Golovkin,1999-05-03
George,Manson,1950-01-20
George,Manson,1946-10-20
Sam,Starr,1948-03-29
Sam,Starr,1929-12-03
Sam,Golovkin,1925-08-19
Ann,Manson,1977-10-10
Sam,Starr,1906-07-24
George,Manson,2008-05-15
Ann,Iceman,1918-02-05
Jennifer,Manson,1944-07-16
Jennifer,Manson,2006-04-22
Jennifer,Iceman,1938-10-09
Jennifer,Manson,1987-03-31
Matt,Golovkin,2020-04-23
Sam,Postman,1939-03-18
Sam,Starr,1945-07-07
Matt,Golovkin,1922-01-31
Sam,Manson,1958-05-04
Ann,Postman,2000-07-31
George,Postman,1959-12-12
Ann,Iceman,1961-01-23
Matt,Golovkin,1983-09-30
Sam,Golovkin,1995-09-18
George,Starr,1930-07-12
Ann,Postman,2011-02-07
Matt,Iceman,1907-04-21
Sam,Postman,1991-10-30
Ann,Golovkin,1923-07-31
Jennifer,Postman,1949-02-05
Sam,Iceman,1998-01-26
Ann,Starr,2011-10-31
George,Iceman,2014-08-08
Jennifer,Starr,1951-03-09
Sam,Manson,1967-07-13
George,Postman,1926-11-05
Sam,Starr,1972-12-16
Sam,Iceman,1936-12-23
George,Starr,1940-04-05
Matt,Golovkin,2012-01-30
Sam,Starr,1950-02-24
Ann,Golovkin,1920-10-03
George,Postman,1967-09-23
Ann,Golovkin,1959-06-13
George,Starr,1963-07-26
Matt,Iceman,1931-08-13
Jennifer,Manson,1945-07-10
George,Postman,1948-12-04
Sam,Postman,1954-02-08
Matt,Manson,2016-03-04
Sam,Iceman,1992-02-01
Jennifer,Golovkin,1948-01-20
George,Postman,1972-02-25
Ann,Manson,1975-04-01
Matt,Postman,1918-06-30
Ann,Golovkin,1966-10-16
George,Manson,1921-06-03
Ann,Iceman,1908-02-21
Matt,Starr,1980-08-09
Matt,Golovkin,1935-03-04
George,Postman,1957-02-22
Jennifer,Golovkin,1991-09-17
Matt,Manson,1973-07-07
Sam,Iceman,1963-04-15
Ann,Postman,1921-06-01
Matt,Iceman,2004-10-01
Ann,Manson,1910-02-07
Jennifer,Manson,1941-05-29
Jennifer,Iceman,1976-08-16
Matt,Manson,1999-03-09
Ann,Golovkin,1913-12-22
Ann,Postman,1964-11-15
Sam,Golovkin,1989-11-24
Ann,Manson,1966-02-14
Matt,Manson,1972-11-04
Sam,Postman,1921-01-30
Ann,Starr,1973-02-20
Sam,Manson,1914-05-15
Ann,Postman,1916-12-08
George,Postman,2020-09-23
Sam,Manson,1925-08-20
Sam,Manson,1974-07-31
Sam,Iceman,1998-07-17
Sam,Golovkin,1917-01-16
Ann,Golovkin,2015-12-29
Jennifer,Manson,1963-08-05
Jennifer,Postman,1971-10-12
Matt,Postman,2009-08-21
Ann,Postman,1944-07-14
Jennifer,Postman,1942-09-13
Matt,Manson,1931-08-28
Jennifer,Iceman,1933-08-22
George,Manson,2002-08-23
Ann,Golovkin,2015-01-09
Jennifer,Postman,1941-02-02
Sam,Starr,2009-09-05
George,Starr,1935-12-09
George,Manson,1901-05-29
Matt,Manson,1992-11-28
Sam,Iceman,1903-03-20
Sam,Iceman,1904-02-15
Sam,Starr,1923-10-28
Ann,Postman,1992-03-01
Sam,Starr,1902-11-26
Jennifer,Iceman,1994-11-05
Ann,Starr,1976-08-15
Sam,Iceman,1973-09-17
Jennifer,Iceman,1974-06-28
Ann,Golovkin,1943-05-16
George,Manson,1960-02-27
Sam,Postman,2013-01-16
Ann,Postman,1937-06-10
Ann,Manson,2017-02-09
George,Iceman,2001-08-10
Matt,Golovkin,1965-09-14
Matt,Golovkin,1927-11-17
Sam,Manson,1968-01-29
Matt,Manson,1916-05-19
Ann,Golovkin,1970-02-15
Sam,Manson,1922-04-27
Jennifer,Starr,1969-02-24
George,Starr,1975-06-09
Sam,Golovkin,1964-04-19
Sam,Starr,1935-03-14
Sam,Starr,1954-08-01
George,Iceman,1970-12-23
Jennifer,Starr,1912-08-03
Jennifer,Iceman,1998-10-06
George,Manson,1963-02-21
Matt,Starr,1985-10-07
Matt,Golovkin,2015-11-29
George,Postman,1938-11-17
Ann,Iceman,1926-10-17
Sam,Postman,1975-04-24
Jennifer,Postman,1938-01-13
Jennifer,Iceman,1972-01-01
Ann,Manson,1905-09-08
Jennifer,Iceman,1947-12-26
Matt,Iceman,2011-06-28
Jennifer,Manson,2017-12-05
Jennifer,Starr,1992-07-04
George,Manson,2004-12-23
Sam,Iceman,1975-06-25
Matt,Golovkin,1989-11-19
Matt,Starr,1970-12-18
George,Starr,1982-12-05
Jennifer,Golovkin,1944-07-31
Matt,Golovkin,1968-07-16
George,Postman,1912-02-13
George,Iceman,1955-08-28
George,Iceman,1993-10-16
Ann,Manson,2012-05-01
Ann,Manson,1936-03-13
Ann,Starr,1967-05-29
Sam,Postman,1917-10-25
Ann,Manson,2015-05-06
Matt,Iceman,1939-12-20
Jennifer,Iceman,1973-12-21
Ann,Golovkin,1919-06-24
Jennifer,Golovkin,1960-02-21
Matt,Postman,2010-07-26
Sam,Manson,1944-03-25
Sam,Iceman,1975-02-08
George,Manson,1956-10-12
Matt,Manson,2008-09-12
Matt,Manson,2000-04-02
Sam,Postman,1996-03-08
Ann,Postman,1970-05-06
Matt,Iceman,1944-11-23
Ann,Starr,1929-07-04
Jennifer,Iceman,1936-02-05
George,Postman,1991-02-13
Jennifer,Postman,1974-02-22
Jennifer,Iceman,1960-02-12
Jennifer,Starr,1933-06-07
Sam,Postman,1992-06-28
Matt,Golovkin,1985-10-27
Jennifer,Manson,1950-09-12
Matt,Manson,2006-12-13
Jennifer,Starr,1945-08-26
Matt,Iceman,1991-10-05
Matt,Postman,1971-10-16
Ann,Golovkin,1930-12-25
George,Iceman,2000-06-17
Jennifer,Iceman,1925-09-24
Jennifer,Postman,2011-01-19
Sam,Postman,1969-01-18
Ann,Starr,1994-03-21
Sam,Iceman,1997-01-12
Jennifer,Golovkin,2004-01-26
Ann,Golovkin,1958-07-12
Ann,Postman,1912-07-29
Jennifer,Starr,2003-07-18
Ann,Iceman,1917-11-09
Ann,Postman,1941-04-11
George,Starr,1924-10-14
Ann,Golovkin,1955-12-04
George,Golovkin,1960-03-21
Ann,Iceman,1960-02-29
Ann,Iceman,1921-08-19
Sam,Starr,1927-01-02
Ann,Golovkin,1952-08-31
Ann,Postman,1993-02-22
Ann,Postman,2008-10-13
Matt,Golovkin,1988-05-19
Jennifer,Postman,1938-05-09
Matt,Manson,1921-11-14
Matt,Postman,1933-08-04
Ann,Manson,1944-05-31
Jennifer,Golovkin,1966-09-16
Sam,Starr,2010-10-31
Sam,Manson,1901-07-18
Jennifer,Starr,1914-08-11
George,Starr,2000-01-27
Jennifer,Golovkin,2018-07-02
Ann,Manson,1913-10-13
George,Starr,1971-06-14
George,Iceman,1929-12-26
Matt,Golovkin,1970-07-15
Ann,Starr,1938-09-28
Jennifer,Postman,1937-05-19
Ann,Manson,2006-08-21
Matt,Golovkin,1975-01-05
Sam,Postman,1969-10-05
Matt,Starr,1904-01-18
Sam,Golovkin,1910-04-25
Ann,Starr,2001-02-05
Ann,Golovkin,1938-12-06
Sam,Manson,1991-03-01
Matt,Golovkin,1956-09-28
Ann,Starr,1913-04-27
George,Iceman,1917-12-16
Jennifer,Starr,1979-02-26
Jennifer,Manson,1950-01-06
Matt,Starr,1975-07-29
Sam,Manson,1928-05-25
George,Golovkin,1984-05-08
Jennifer,Manson,2000-11-06
Ann,Golovkin,1979-10-19
George,Starr,1913-02-04
Sam,Golovkin,1980-05-23
Jennifer,Iceman,1926-11-25
Matt,Iceman,1994-09-25
Matt,Manson,1978-10-07
Ann,Iceman,1914-01-11
Jennifer,Postman,1937-05-02
Ann,Manson,1958-07-07
Sam,Manson,1936-06-25
Matt,Starr,1961-08-06
Ann,Golovkin,1995-12-08
George,Postman,1990-10-29
George,Golovkin,1918-03-13
Jennifer,Manson,2019-01-06
Sam,Golovkin,1911-10-20
Matt,Postman,1962-11-11
George,Postman,1967-01-08
Ann,Iceman,1909-10-25
Jennifer,Golovkin,1960-08-23
Jennifer,Manson,1977-01-05
Ann,Iceman,1910-07-27
Jennifer,Starr,1987-08-14
George,Starr,1922-01-06
Jennifer,Postman,1935-03-10
Sam,Postman,1924-06-22
Matt,Starr,2015-11-19
Jennifer,Manson,1960-02-26
Matt,Iceman,1906-10-31
George,Iceman,2020-07-29
Matt,Golovkin,1993-02-08
Sam,Manson,2014-11-23
Matt,Iceman,2018-11-04
Matt,Iceman,1972-11-12
Matt,Manson,1975-08-17
Jennifer,Postman,1993-12-21
Sam,Iceman,1966-01-20
Ann,Iceman,1935-12-04
Sam,Golovkin,1952-07-21
Matt,Manson,1915-11-13
George,Starr,1964-11-19
Matt,Manson,2020-02-13
George,Golovkin,1915-08-02
Matt,Postman,1940-10-29
George,Postman,1927-07-02
Jennifer,Postman,1940-12-13
George,Manson,1947-04-01
Jennifer,Iceman,1950-01-03
Ann,Golovkin,1939-11-23
Matt,Starr,1912-02-03
Ann,Manson,2000-09-14
George,Manson,2016-11-08
Sam,Iceman,1968-07-27
Jennifer,Manson,1995-01-22
Matt,Postman,1966-09-01
Matt,Postman,1929-12-19
Jennifer,Postman,1982-10-11
Sam,Golovkin,1973-05-25
George,Manson,1911-09-26
George,Starr,1912-11-29
Jennifer,Golovkin,1918-07-23
Jennifer,Starr,1992-05-30
Jennifer,Postman,2009-08-02
Sam,Manson,2012-11-02
Ann,Postman,1997-11-21
Matt,Starr,1917-12-28
George,Iceman,1974-05-03
Ann,Starr,1934-07-20
Sam,Golovkin,2010-10-23
Jennifer,Postman,1927-08-09
George,Iceman,1919-07-09
Matt,Manson,1937-10-23
Matt,Starr,1905-01-18
Matt,Starr,1955-10-30
Jennifer,Manson,1945-06-18
George,Golovkin,1902-07-23
Jennifer,Golovkin,1995-12-11
George,Postman,1990-11-23
Matt,Iceman,1993-02-14
Matt,Iceman,1911-06-11
George,Postman,1923-12-14
Sam,Postman,1959-09-21
George,Iceman,1991-03-07
Sam,Iceman,2016-04-28
Matt,Manson,1917-03-29
Ann,Manson,1939-07-26
George,Postman,1932-05-06
George,Postman,1912-07-03
Matt,Postman,1911-07-06
Sam,Postman,1943-04-20
Matt,Postman,1970-08-08
George,Postman,2016-04-05
Ann,Starr,1974-12-12
Matt,Golovkin,1959-04-15
George,Manson,1955-06-22
Sam,Manson,1983-09-06
Matt,Manson,2016-04-16
Sam,Starr,1916-07-30
Sam,Postman,1903-01-01
Ann,Iceman,1909-10-12
Jennifer,Iceman,1926-07-19
Matt,Postman,1966-01-04
George,Postman,1990-05-01
Jennifer,Manson,1964-12-09
Jennifer,Starr,1992-06-15
Sam,Starr,1983-04-12
George,Golovkin,1904-06-21
Sam,Iceman,1915-06-18
Sam,Postman,2012-02-24
George,Postman,1931-11-14
Sam,Starr,1947-01-29
Matt,Iceman,1992-07-29
Ann,Postman,2015-11-12
George,Manson,1982-03-10
Ann,Postman,1913-07-18
Jennifer,Postman,1958-07-30
Matt,Starr,1928-01-27
Matt,Manson,1943-01-16
Sam,Iceman,1944-08-24
Ann,Iceman,2006-02-16
George,Golovkin,1982-09-08
Sam,Golovkin,1942-05-03
Matt,Manson,2001-10-09
Jennifer,Manson,1928-10-26
Sam,Golovkin,1940-08-30
Jennifer,Golovkin,1916-08-06
George,Iceman,2004-12-23
Ann,Manson,1941-11-21
Ann,Postman,1995-01-17
Jennifer,Golovkin,2010-09-26
Sam,Iceman,1935-08-11
George,Starr,1907-02-28
Matt,Postman,2020-08-14
Matt,Iceman,1986-06-08
Sam,Manson,1939-07-08
Ann,Golovkin,1942-03-01
George,Postman,1950-04-15
Sam,Starr,1989-02-12
Ann,Starr,1968-08-16
Jennifer,Manson,1955-03-15
Jennifer,Manson,1991-08-15
Sam,Golovkin,1944-03-25
George,Iceman,2011-11-12
Jennifer,Starr,1963-04-23
Sam,Golovkin,2012-10-17
Matt,Postman,1901-09-07
Jennifer,Starr,1930-04-04
Sam,Golovkin,1941-09-18
George,Postman,1952-06-14
George,Golovkin,1971-09-27
Sam,Postman,1980-07-20
Matt,Starr,1978-01-21
Matt,Manson,1905-02-14
Matt,Manson,1944-12-23
Sam,Starr,1994-02-14
George,Golovkin,1949-02-20
Jennifer,Starr,1991-05-14
Jennifer,Golovkin,2003-07-31
Matt,Starr,1960-06-26
Ann,Iceman,2017-02-15
Jennifer,Postman,1974-10-27
Ann,Iceman,1916-01-01
Sam,Golovkin,1952-12-02
Sam,Golovkin,1983-04-11
Jennifer,Starr,1995-11-27
Jennifer,Golovkin,1981-06-03
Ann,Starr,1931-02-02
Matt,Postman,1988-07-14
Ann,Manson,1935-04-15
Matt,Manson,1970-09-19
Jennifer,Postman,1993-01-11
George,Golovkin,2006-09-19
Sam,Manson,1989-06-07
Matt,Postman,1908-08-03
Ann,Golovkin,1995-04-07
Ann,Manson,2002-02-09
Matt,Postman,1989-10-26
Ann,Manson,1921-03-15
Sam,Golovkin,1913-12-20
Matt,Iceman,1963-09-23
Ann,Postman,1914-08-27
Ann,Manson,1940-01-22
Matt,Manson,2009-07-11
Jennifer,Iceman,1946-03-19
Ann,Manson,1981-01-08
Ann,Starr,2007-12-13
George,Golovkin,1985-07-08
Jennifer,Golovkin,1970-06-11
Ann,Iceman,1920-12-30
Sam,Iceman,1957-09-23
Ann,Starr,1954-12-04
George,Starr,1914-06-18
George,Golovkin,2017-02-03
George,Manson,1901-06-27
Sam,Iceman,2011-06-07
Jennifer,Golovkin,1995-10-08
Matt,Golovkin,1901-10-06
Matt,Iceman,2009-09-14
Sam,Manson,1959-12-03
Matt,Postman,1914-09-30
Matt,Starr,1985-10-22
Ann,Iceman,2002-06-30
Ann,Starr,1967-10-12
Sam,Iceman,1982-11-06
Matt,Manson,1904-07-21
Sam,Manson,1975-06-09
Matt,Postman,1962-03-14
Sam,Iceman,1907-06-21
Sam,Golovkin,1972-07-03
Sam,Iceman,1985-07-17
Matt,Golovkin,1953-10-07
George,Manson,1929-02-16
Ann,Starr,2013-02-24
Matt,Postman,1976-08-12
Jennifer,Iceman,1989-08-20
Jennifer,Iceman,1956-03-01
Matt,Postman,2002-10-09
Sam,Starr,1922-06-24
Jennifer,Starr,1932-09-18
Sam,Starr,1922-12-09
Sam,Golovkin,1905-07-23
Ann,Manson,1936-07-29
Ann,Manson,2017-01-30
Jennifer,Starr,1975-01-09
Ann,Manson,1923-05-04
Matt,Manson,1991-03-27
Jennifer,Starr,1921-06-27
Sam,Manson,1935-11-03
Sam,Manson,1916-03-15
Ann,Starr,1929-11-24
Sam,Golovkin,1974-08-17
Sam,Iceman,1980-08-08
Jennifer,Golovkin,1921-11-08
George,Manson,2000-04-15
Ann,Iceman,1909-05-28
Ann,Iceman,1943-07-17
Matt,Postman,1949-08-18
Sam,Starr,1905-08-03
Jennifer,Manson,2004-05-10
Sam,Postman,2005-06-05
George,Manson,1996-06-22
George,Golovkin,1970-03-20
Matt,Iceman,1920-01-18
George,Golovkin,1929-06-24
George,Manson,1910-04-19
Ann,Golovkin,1980-01-17
George,Manson,1945-03-15
Jennifer,Iceman,2020-11-25
George,Postman,1996-07-18
Sam,Postman,1981-11-07
Matt,Manson,1912-03-09
Jennifer,Starr,1950-09-01
Sam,Iceman,2006-07-23
Jennifer,Iceman,2000-09-09
Sam,Postman,2013-04-13
Jennifer,Postman,1985-09-16
Matt,Manson,1971-05-12
Sam,Starr,2014-02-19
Matt,Manson,2001-02-22
Sam,Manson,1908-07-17
Matt,Iceman,1909-06-24
George,Golovkin,2014-11-26
George,Starr,2014-10-22
George,Postman,2016-11-11
George,Iceman,1954-05-13
George,Golovkin,1956-08-07
Jennifer,Iceman,2012-01-27
George,Iceman,1933-01-18
Matt,Starr,1985-12-18
Ann,Golovkin,1961-11-10
George,Manson,2008-04-27
Matt,Starr,2020-04-22
George,Manson,1972-03-11
Ann,Iceman,2013-09-22
Ann,Starr,2013-09-03
Jennifer,Postman,2001-03-16
Sam,Golovkin,2019-01-13
Matt,Starr,1907-09-20
Ann,Postman,1929-12-07
George,Golovkin,2006-01-24
Ann,Golovkin,1940-07-09
George,Manson,1968-03-12
George,Starr,1954-10-28
Sam,Starr,1952-06-19
Matt,Golovkin,1986-12-04
Sam,Postman,1902-06-08
Jennifer,Manson,1910-10-24
Matt,Golovkin,1991-01-30
George,Starr,1911-04-01
Ann,Manson,2013-05-10
Matt,Starr,1965-07-12
Sam,Iceman,1988-01-21
Matt,Manson,1999-01-21
George,Golovkin,1990-03-22
Ann,Starr,2001-01-06
Ann,Iceman,1927-03-14
Sam,Postman,2013-01-23
Matt,Golovkin,1905-11-22
Jennifer,Postman,2010-11-12
George,Golovkin,2019-04-27
George,Iceman,1994-02-23
Matt,Iceman,2018-05-15
Sam,Manson,1953-09-10
George,Golovkin,1936-08-20
Ann,Starr,1915-05-10
George,Postman,1926-02-10
George,Iceman,1926-09-07
Jennifer,Postman,1908-03-03
George,Golovkin,2007-02-03
Jennifer,Golovkin,2007-08-09
George,Iceman,1902-04-05
Sam,Postman,1970-03-30
Sam,Manson,1984-09-10
Jennifer,Iceman,2009-06-30
Ann,Manson,1915-03-28
George,Iceman,1970-04-26
Ann,Iceman,1913-05-27
Ann,Golovkin,1942-07-23
Sam,Iceman,1909-10-12
Ann,Manson,1912-12-27
Jennifer,Manson,1942-03-23
Jennifer,Starr,1905-06-16
George,Iceman,1923-10-22
George,Starr,1952-02-04
Ann,Manson,1966-07-11
Sam,Iceman,1964-01-21
Matt,Manson,1901-08-04
Matt,Postman,1915-01-01
Jennifer,Postman,1935-12-20
Ann,Postman,1988-09-20
Jennifer,Iceman,1905-10-10
George,Golovkin,1928-04-25
George,Iceman,1944-09-17
Ann,Golovkin,1991-10-27
Matt,Postman,1992-01-30
Jennifer,Postman,1960-03-04
Sam,Golovkin,1907-06-28
Jennifer,Manson,1945-02-05
Ann,Iceman,1984-05-01
Sam,Iceman,1904-12-02
Sam,Manson,1917-04-22
Matt,Golovkin,2005-11-19
Jennifer,Golovkin,1957-11-13
Jennifer,Manson,1986-02-12
Jennifer,Postman,1934-10-08
George,Postman,2005-03-08
Ann,Golovkin,1983-08-27
Jennifer,Starr,1990-10-27
Matt,Golovkin,1961-01-07
Sam,Postman,1987-05-30
George,Manson,2017-12-31
Jennifer,Starr,1943-06-08
Jennifer,Postman,1939-04-04
Jennifer,Golovkin,1949-05-04
Ann,Golovkin,1994-07-29
Jennifer,Golovkin,1914-12-26
Jennifer,Iceman,2014-08-16
Jennifer,Iceman,1989-08-16
George,Starr,1977-03-19
Ann,Manson,1980-01-29
Sam,Starr,1973-03-09
Matt,Manson,1915-01-31
George,Starr,1979-04-08
Jennifer,Postman,2008-06-21
Jennifer,Golovkin,1959-09-10
Jennifer,Manson,1990-08-25
George,Golovkin,1980-11-29
Jennifer,Iceman,1992-01-10
Sam,Starr,1921-08-09
George,Starr,1910-05-04
Jennifer,Iceman,1989-07-07
Jennifer,Manson,1912-09-25
Jennifer,Manson,1971-05-15
Jennifer,Starr,2018-04-21
Jennifer,Iceman,1978-09-10
Jennifer,Golovkin,1977-03-25
Sam,Postman,1994-03-03
George,Golovkin,1981-11-28
Ann,Postman,1948-07-29
Jennifer,Iceman,1997-06-02
Matt,Manson,2018-07-23
Matt,Postman,1950-03-14
Matt,Golovkin,1997-06-16
Ann,Starr,1979-05-27
Sam,Manson,2009-12-17
Sam,Golovkin,1927-01-19
Matt,Iceman,2004-11-29
Jennifer,Manson,1936-04-07
Matt,Golovkin,1979-02-05
George,Iceman,1945-04-11
Ann,Golovkin,1917-07-08
Ann,Starr,2015-07-13
Jennifer,Golovkin,1917-01-15
Matt,Postman,1925-08-07
Ann,Postman,1919-09-30
Sam,Iceman,2015-02-09
Ann,Golovkin,2005-09-16
Matt,Postman,1909-01-04
Sam,Iceman,1918-11-02
George,Golovkin,1911-12-07
Matt,Iceman,1908-04-23
Ann,Postman,1911-01-13
Matt,Postman,1968-07-23
George,Manson,2012-09-24
Matt,Iceman,1913-10-01
Ann,Postman,2015-08-31
George,Starr,1983-01-27
George,Manson,1937-02-14
Sam,Postman,2018-11-14
Ann,Postman,1947-08-15
George,Manson,1948-05-13
Jennifer,Starr,1967-06-23
Ann,Golovkin,1910-08-29
Jennifer,Starr,1951-03-30
Matt,Manson,1935-07-03
Sam,Manson,1902-10-01
Jennifer,Golovkin,1975-08-27
Jennifer,Postman,1902-05-31
Ann,Starr,1965-09-16
Matt,Postman,1915-07-15
Ann,Manson,1936-04-07
George,Manson,1999-05-11
Ann,Postman,1987-06-26
Sam,Starr,1935-09-01
Matt,Golovkin,1930-11-15
Matt,Manson,2012-12-03
Jennifer,Manson,2013-01-05
Ann,Manson,1991-11-09
George,Postman,1940-03-29
Matt,Postman,1987-07-31
Ann,Manson,1978-10-06
Sam,Starr,1916-09-25
Matt,Manson,1934-01-06
George,Starr,1905-01-28
Sam,Manson,2020-08-18
Matt,Iceman,1939-11-03
Sam,Manson,1909-03-11
Sam,Postman,2014-10-02
Ann,Manson,2012-02-27
Jennifer,Golovkin,1977-07-20
Ann,Golovkin,1912-05-11
Ann,Starr,1969-11-29
Sam,Iceman,1989-03-06
Ann,Starr,1974-07-26
George,Starr,1998-06-02
Sam,Manson,1980-06-15
Sam,Manson,1979-11-01
Sam,Golovkin,1935-06-04
Ann,Postman,1922-04-07
Jennifer,Golovkin,1983-11-22
Ann,Starr,1994-10-14
Jennifer,Starr,1988-06-24
George,Postman,1956-06-30
Ann,Postman,2000-01-18
Ann,Starr,2014-01-07
Sam,Iceman,1958-03-17
Ann,Iceman,2017-01-23
George,Iceman,1999-06-23
Matt,Golovkin,1969-05-24
Matt,Golovkin,1916-04-17
Jennifer,Starr,1904-10-26
Sam,Golovkin,1923-10-18
Matt,Golovkin,1939-04-08
Jennifer,Manson,1941-07-07
George,Manson,1953-06-27
George,Golovkin,1937-05-28
Matt,Iceman,1906-02-02
Jennifer,Postman,1932-01-11
Ann,Starr,2020-09-01
Sam,Iceman,1956-11-18
Jennifer,Postman,1936-05-09
Matt,Golovkin,1960-02-17
Jennifer,Golovkin,1956-01-06
Sam,Golovkin,1904-06-05
Matt,Golovkin,1964-01-14
Matt,Postman,1921-04-14
Ann,Golovkin,2019-06-05
Sam,Manson,1965-04-08
Ann,Starr,1965-02-20
Matt,Iceman,1964-02-10
Sam,Golovkin,2001-07-16
George,Golovkin,1961-11-24
Jennifer,Postman,1960-10-13
George,Iceman,1950-06-06
George,Postman,1908-03-15
Ann,Manson,1947-12-08
Jennifer,Postman,1964-12-15
George,Iceman,1914-01-14
George,Golovkin,1936-11-29
Ann,Postman,1962-07-22
Jennifer,Manson,1901-12-26
George,Starr,1924-07-14
Sam,Postman,1962-08-08
Ann,Iceman,1976-08-16
Jennifer,Postman,2001-11-24
Jennifer,Starr,1985-10-08
George,Golovkin,1987-03-13
George,Iceman,1955-11-09
Matt,Iceman,2006-08-27
Jennifer,Golovkin,1980-07-29
George,Golovkin,1935-09-12
Matt,Iceman,2012-11-20
Matt,Starr,1988-05-04
Matt,Postman,1955-09-12
Jennifer,Postman,1967-01-25
Jennifer,Golovkin,2006-05-19
George,Golovkin,1996-01-26
Sam,Starr,1983-01-16
Matt,Golovkin,1949-06-07
Sam,Manson,1982-03-28
Sam,Postman,1997-04-06
Ann,Postman,1952-02-21
Matt,Starr,2020-09-01
Ann,Starr,1974-11-04
George,Golovkin,1919-11-10
Sam,Manson,1988-09-08
Ann,Golovkin,1910-06-15
Jennifer,Golovkin,1947-09-10
Matt,Postman,1987-10-03
Sam,Manson,1990-03-17
Matt,Iceman,2003-02-24
Sam,Postman,1949-07-08
Sam,Postman,1934-10-14
George,Starr,1976-09-20
Ann,Iceman,2005-03-01
George,Starr,1931-10-14
Jennifer,Iceman,1979-05-06
Sam,Starr,2002-08-17
Sam,Manson,2018-03-29
George,Golovkin,1946-06-19
George,Starr,1945-06-28
George,Iceman,1921-10-06
Matt,Iceman,1901-07-04
Jennifer,Postman,1980-12-01
Sam,Iceman,1956-04-28
Jennifer,Postman,1935-06-06
George,Iceman,1911-01-20
George,Starr,1938-08-05
George,Golovkin,1992-07-25
Matt,Iceman,2004-02-20
George,Manson,1935-07-12
Jennifer,Iceman,1993-09-12
Matt,Golovkin,1910-06-22
Sam,Golovkin,1999-10-23
George,Iceman,1970-07-09
George,Starr,1901-04-12
Ann,Manson,1981-06-06
Ann,Iceman,1943-12-29
Ann,Golovkin,2016-11-01
Matt,Golovkin,1986-06-28
Ann,Postman,1929-04-19
George,Starr,2010-11-05
Jennifer,Golovkin,1967-10-11
George,Manson,1985-06-30
Jennifer,Manson,1945-07-07
George,Golovkin,1973-01-08
George,Manson,1979-11-08
Matt,Golovkin,1960-01-11
Ann,Starr,2000-06-17
Sam,Golovkin,2020-03-01
George,Golovkin,1930-06-18
Sam,Golovkin,1959-08-25
Ann,Manson,1976-06-08
Ann,Manson,1992-02-27
Jennifer,Postman,1955-08-21
Jennifer,Manson,1905-02-01
Ann,Golovkin,1919-08-10
Jennifer,Starr,1978-06-20
Jennifer,Starr,1942-06-03
Sam,Postman,1926-09-13
George,Postman,1970-07-10
George,Manson,1987-11-02
Matt,Postman,1915-09-17
Matt,Iceman,1942-10-03
George,Iceman,2010-05-08
Matt,Iceman,2020-10-30
Matt,Golovkin,1927-11-30
Jennifer,Postman,1997-09-09
Ann,Starr,1980-11-24
Ann,Postman,1923-02-14
Sam,Starr,1996-04-28
Ann,Postman,1935-11-02
Sam,Postman,2000-03-23
Matt,Starr,1988-08-07
Ann,Iceman,2012-10-21
Ann,Iceman,1969-04-25
Matt,Golovkin,1941-05-06
George,Manson,1962-03-11
George,Iceman,1970-06-22
George,Iceman,1926-09-26
George,Manson,1954-04-13
Ann,Postman,1957-07-15
Jennifer,Starr,1917-04-19
Jennifer,Golovkin,2002-01-31
Ann,Iceman,1958-03-27
Sam,Manson,1945-04-18
Ann,Starr,1963-01-05
Ann,Manson,1902-02-27
Sam,Postman,1921-11-27
Jennifer,Golovkin,1966-02-25
Matt,Manson,1975-12-16
Matt,Postman,1915-05-14
George,Golovkin,1920-04-17
Matt,Manson,2014-09-01
George,Iceman,1906-08-18
Ann,Golovkin,2011-05-17
Jennifer,Postman,1930-02-03
Sam,Starr,1917-03-27
Sam,Golovkin,1969-03-15
Matt,Golovkin,1945-08-17
George,Postman,2019-04-04
Jennifer,Postman,1945-04-01
Jennifer,Postman,1951-02-26
Ann,Postman,2013-11-28
Sam,Golovkin,1973-03-19
Jennifer,Iceman,1922-09-28
George,Golovkin,2007-11-09
Jennifer,Postman,1912-11-22
Matt,Iceman,1999-11-21
Matt,Postman,1962-03-06
Matt,Starr,1939-08-28
Jennifer,Postman,1919-09-07
Jennifer,Postman,1992-03-20
George,Postman,1982-12-24
Jennifer,Starr,1912-09-05
Ann,Starr,1973-05-25
Matt,Iceman,1935-11-16
Ann,Golovkin,1928-12-08
Sam,Starr,1930-01-22
Sam,Postman,1949-03-30
Matt,Starr,2015-02-12
Jennifer,Iceman,2004-11-20
George,Postman,1997-10-17
Sam,Postman,1993-08-15
George,Postman,1903-12-19
Matt,Starr,1959-03-10
Ann,Starr,2009-08-26
Ann,Iceman,1904-12-15
Ann,Postman,1986-01-24
Jennifer,Golovkin,1933-10-13
Matt,Iceman,1944-06-23
Jennifer,Golovkin,1947-05-22
Sam,Iceman,2015-07-14
Sam,Iceman,1961-05-24
George,Iceman,2000-11-11
Matt,Manson,1947-10-15
Ann,Iceman,1949-06-01
Matt,Golovkin,1953-04-15
Ann,Manson,1996-01-01
George,Manson,1925-11-23
Jennifer,Starr,1934-08-25
George,Postman,1999-06-18
Jennifer,Golovkin,1936-02-04
George,Manson,1944-08-29
Ann,Golovkin,1948-12-25
Matt,Postman,1966-07-22
George,Starr,1971-10-04
George,Starr,2010-06-16
George,Starr,1974-03-13
Matt,Manson,2015-12-30
Matt,Golovkin,1906-02-07
Sam,Starr,1975-04-28
Sam,Manson,1925-02-15
